key.0_p,key.1_Gyr,key.2_M,key.3_centerM,key.4_S,key.5_steps,key.6_seeds,metrics.diff_pct,metrics.match_avg_pct,metrics.match_curve_error_max,metrics.match_curve_error_pct,metrics.match_curve_pct,metrics.match_curve_r2,metrics.match_curve_rmse_pct,metrics.match_end_pct,metrics.match_half_curve_pct,metrics.match_half_rmse_pct,metrics.match_hubble_curve_pct,metrics.match_hubble_curve_r2,metrics.match_hubble_end_pct,metrics.match_hubble_half_curve_pct,metrics.match_hubble_half_rmse_pct,metrics.match_hubble_rmse_pct,metrics.match_max_pct,results.a_final,results.radius_max_Gpc,results.size_final_Gpc
2000,5.8-13.8,50000,1,20,300,42,0.928887800194687,99.07111219980531,97.50000000002106,97.9341623551552,97.93416235515521,96.52777777783629,97.95918367348659,98.27586206898005,98.12582133381153,98.13084112151108,99.30010259356352,94.26020408172923,99.26470588235912,99.28298357849377,99.28315412186983,99.30069930070519,97.34042553193729,1.0,9.150000000002105,14.250000000002107
2000,5.8-13.8,50000,1,25,300,42,0.9288878001895284,99.07111219981047,97.50000000002703,97.93416235516013,97.93416235516013,96.52777777785288,97.95918367349145,98.27586206898417,98.12582133381602,98.13084112151554,99.3001025935652,94.26020408175697,99.2647058823609,99.2829835784955,99.28315412187156,99.30069930070687,97.34042553194365,1.0,9.150000000002704,14.250000000002704
2000,5.8-13.8,50000,1,30,300,42,0.9288878001828635,99.07111219981714,97.50000000003473,97.93416235516648,97.93416235516649,96.52777777787423,97.95918367349773,98.27586206898947,98.12582133382178,98.13084112152129,99.30010259356736,94.26020408179221,99.26470588236316,99.2829835784977,99.28315412187376,99.30069930070903,97.34042553195184,1.0,9.150000000003473,14.250000000003473
2000,5.8-13.8,35000,1,20,300,42,0.9288877672407523,99.07111223275925,97.50000003807494,97.93416238660045,97.93416238660045,96.5277778835415,97.95918370455098,98.2758620952241,98.12582136233945,98.13084114996258,99.30010260421706,94.26020425646652,99.26470589355145,99.28298358940788,99.28315413278135,99.30069931134963,97.34042557242016,1.0,9.150000003807495,14.250000003807495
2000,5.8-13.8,35000,1,25,300,42,0.9288877578758274,99.07111224212417,97.50000004888919,97.93416239553665,97.93416239553663,96.52777791358109,97.95918371337893,98.2758621026822,98.12582137044657,98.130841158048,99.3001026072446,94.26020430612377,99.26470589673211,99.28298359250948,99.2831541358822,99.3006993143746,97.34042558392467,1.0,9.15000000488892,14.25000000488892
2000,5.8-13.8,35000,1,30,300,42,0.9288877458509859,99.07111225414901,97.50000006277497,97.93416240701094,97.93416240701096,96.5277779521527,97.95918372471426,98.27586211225861,98.12582138085635,98.13084116842988,99.30010261113206,94.26020436988503,99.26470590081617,99.28298359649202,99.28315413986378,99.30069931825874,97.34042559869678,1.0,9.150000006277498,14.250000006277498
2000,5.8-13.8,20000,1,20,300,42,0.9288281852731757,99.07117181472682,97.50006884112338,97.93421924097146,97.93421924097144,96.52796900048767,97.9592398703048,98.27590954560233,98.12587294202166,98.13089259149412,99.30012186624711,94.26052018447962,99.26472612974217,99.28300332257412,99.28317386125401,99.30071855695759,97.34049876715252,1.0,9.150006884112338,14.250006884112338
2000,5.8-13.8,20000,1,25,300,42,0.9288112531803847,99.07118874681962,97.50008839375212,97.93423539799407,97.93423539799407,96.52802331163731,97.95925583163438,98.27592303017387,98.12588760006952,98.13090721028196,99.30012734018077,94.26060996413514,99.26473188051533,99.28300893039646,99.28317946774254,99.30072402622437,97.3405195678214,1.0,9.150008839375213,14.250008839375212
2000,5.8-13.8,20000,1,30,300,42,0.9287895119852152,99.07121048801478,97.50011349982441,97.93425614402176,97.93425614402177,96.528093047911,97.95927632638727,98.27594034470648,98.12590642137555,98.13092598117713,99.30013436885072,94.26072524246528,99.26473926465425,99.28301613098292,99.28318666661633,99.30073104890194,97.34054627640894,1.0,9.15001134998244,14.25001134998244
2000,5.8-13.8,15000,1,20,300,42,0.9281615659545963,99.0718384340454,97.50083865656975,97.93485536646295,97.93485536646295,96.5301069886133,97.95986829107736,98.27644045280672,98.12645005069626,98.13146815444468,99.30033738298089,94.26405440974851,99.26495254604993,99.28322411070076,99.28339459686588,99.30093388994958,97.34131771975505,1.0,9.150083865656976,14.250083865656975
2000,5.8-13.8,15000,1,25,300,42,0.9279553066551642,99.07204469334484,97.50107685635143,97.93505219929334,97.93505219929332,96.53076840118753,97.96006273987872,98.27660472851822,98.12662862227592,98.13164624773938,99.30040406914459,94.26514776522836,99.26502260480925,99.28329242796278,99.28346289787855,99.30100051925915,97.34157112377812,1.0,9.150107685635144,14.250107685635143
2000,5.8-13.8,15000,1,30,300,42,0.927690470757284,99.07230952924272,97.50138271092537,97.93530493765041,97.9353049376504,96.53161757929851,97.96031241708194,98.27681566270715,98.12685791272288,98.13187492405635,99.30048969587384,94.2665515086364,99.26511256203688,99.28338014906362,99.2835505981148,99.30108607298612,97.34189650098443,1.0,9.150138271092537,14.250138271092537
2000,5.8-13.8,10000,1,20,300,42,0.9200440748013534,99.07995592519865,97.51021692859617,97.94260496142131,97.94260496142131,96.55610014297271,97.96752402334381,98.28290822661805,98.13348067363937,98.13847994661396,99.3029629142881,94.30702268532225,99.26771086135182,99.28591386072009,99.28608370712435,99.30355718282411,97.35129460488953,1.0,9.151021692859617,14.251021692859617
2000,5.8-13.8,10000,1,25,300,42,0.9175336698891101,99.08246633011089,97.51311879599795,97.94500287618892,97.9450028761889,96.56412326510073,97.96989289469221,98.28490951448134,98.13565612082999,98.14064956710126,99.30377531807548,94.3202853974115,99.26856435176411,99.28674613535213,99.2869157837987,99.30436889398544,97.35438169787017,1.0,9.151311879599795,14.251311879599795
2000,5.8-13.8,10000,1,30,300,42,0.9143111789607588,99.08568882103924,97.51684486749772,97.94808185969758,97.94808185969758,96.57441143773754,97.97293458571242,98.28747921896395,98.13844945031545,98.14343541495157,99.30481846518703,94.33729237666827,99.26966025514639,99.28781479713336,99.2879841913972,99.30541115174762,97.35834560372098,1.0,9.151684486749772,14.251684486749772
2000,5.8-13.8,7500,1,20,300,42,0.8980544359652072,99.10194556403479,97.53566058477249,97.9636299465221,97.96362994652209,96.62612847030896,97.98829435491632,98.30045557570517,98.15255505667773,98.1575032409514,99.31008609387543,94.42278379785759,99.27519428963896,99.29321126844077,99.29337937914623,99.31067428944685,97.37836232422606,1.0,9.15356605847725,14.253566058477249
2000,5.8-13.8,7500,1,25,300,42,0.889314493835883,99.11068550616412,97.54578909722184,97.97199949144384,97.97199949144384,96.6538049137138,97.99656252834436,98.30744075670472,98.16014811345892,98.1650759605397,99.31292166171319,94.46853465328198,99.27817326388877,99.29611619234144,99.29628361210662,99.31350743978233,97.38913733747005,1.0,9.154578909722185,14.254578909722184
2000,5.8-13.8,7500,1,30,300,42,0.8781035496513567,99.12189645034864,97.55879436464002,97.98274619984943,97.98274619984943,96.68917502549263,98.00717907317554,98.31640990664829,98.16989779135629,98.17479952496451,99.3165626028876,94.52700361356928,99.28199834254117,99.29984618846345,99.30001272104373,99.31714527682237,97.40297272834046,1.0,9.155879436464003,14.255879436464003
2000,5.8-13.8,5000,1,20,300,42,0.821686284131701,99.1783137158683,97.62446767091966,98.03701435519945,98.03701435519946,96.86491452971894,98.06078993544462,98.36170184201356,98.21913119518364,98.22390106236983,99.33494843358267,94.81751177361706,99.30131402085873,99.31868172408645,99.31884377660779,99.33551543242508,97.47283794778687,1.0,9.162446767091966,14.262446767091966
2000,5.8-13.8,5000,1,25,300,42,0.7914517295921968,99.2085482704078,97.65981965301677,98.06622693737413,98.06622693737414,96.95753107977414,98.08964869634022,98.3860825193219,98.24563356744542,98.25033245085366,99.34484553781562,94.97061260125929,99.31171166265199,99.32882090476511,99.32898054566789,99.34540409874595,97.51044643937954,1.0,9.165981965301677,14.265981965301677
2000,5.8-13.8,5000,1,30,300,42,0.7527682306972565,99.24723176930274,97.70521249655974,98.1037366353735,98.10373663537348,97.07441684114136,98.12670407882429,98.4173879286619,98.27966328703206,98.28427102546523,99.35755367120234,95.16383192107057,99.32506249898817,99.3418398704609,99.34199641478416,99.3581013976391,97.55873669846781,1.0,9.170521249655975,14.270521249655975
2000,5.8-13.8,3500,1,20,300,42,0.7033258799188928,99.29667412008111,97.76349806140466,98.15190004097697,98.15190004097697,97.22114393258849,98.17428413175891,98.45758486993425,98.32335831190406,98.32784901787264,99.37387123746949,95.40638078652385,99.34220531217784,99.35855655331325,99.35870912154972,99.37440505214117,97.62074261851559,1.0,9.176349806140466,14.276349806140466
2000,5.8-13.8,3500,1,25,300,42,0.6402169572602645,99.35978304273974,97.83833820809153,98.21374307792607,98.21374307792608,97.40401016522394,98.23537812905431,98.50919876420106,98.37946383442251,98.38380426773199,99.39482340729506,95.70866986496188,99.36421712002691,99.3800211989784,99.38016866181835,99.39533935890671,97.70035979584206,1.0,9.183833820809154,14.283833820809154
2000,5.8-13.8,3500,1,30,300,42,0.559803930807746,99.44019606919225,97.9344348586261,98.29315110921387,98.29315110921387,97.62968924818946,98.31382437438866,98.57547231629387,98.45150475135274,98.45565223074848,99.42172652588584,96.08173120619074,99.39248084077238,99.40758234957264,99.40772325695372,99.42221954087444,97.80259027513415,1.0,9.19344348586261,14.29344348586261
2000,5.8-13.8,2000,1,20,300,42,0.45757448417292323,99.54242551582708,98.05782540037107,98.39511303967654,98.39511303967654,97.90442101364233,98.4145513472417,98.66056924163522,98.54400711973267,98.54790684139893,99.45627081394457,96.53587963479653,99.42877217657973,99.44297156744882,99.44310405745408,99.45673437772618,97.9338568089054,1.0,9.205782540037108,14.305782540037107
2000,5.8-13.8,2000,1,25,300,42,0.32799579153706304,99.67200420846294,98.21626199215048,98.52603474992517,98.52603474992517,98.23237706630724,98.543887340531,98.7698358566555,98.6627825118363,98.66636410628074,99.50062655781338,97.07801106879354,99.47537117416191,99.48841222267853,99.48853390455928,99.50105230549663,98.10240637462817,1.0,9.221626199215049,14.321626199215048
2000,5.8-13.8,2000,1,30,300,42,0.16439405017743525,99.83560594982256,98.41969860292859,98.69414155348062,98.6941415534806,98.6125819413412,98.70995804320702,98.91013696753697,98.8152931341744,98.81846624518026,99.55758046031698,97.70651300507434,99.5352054714496,99.54675917894443,99.5468669829186,99.55795765116885,98.31882830098787,1.0,9.24196986029286,14.34196986029286
2000,5.8-13.8,1500,1,20,300,42,0.32799579153706304,99.67200420846294,98.21626199215048,98.52603474992517,98.52603474992517,98.23237706630724,98.543887340531,98.7698358566555,98.6627825118363,98.66636410628074,99.50062655781338,97.07801106879354,99.47537117416191,99.48841222267853,99.48853390455928,99.50105230549663,98.10240637462817,1.0,9.221626199215049,14.321626199215048
2000,5.8-13.8,1500,1,25,300,42,0.16439405017743525,99.83560594982256,98.41969860292859,98.69414155348062,98.6941415534806,98.6125819413412,98.70995804320702,98.91013696753697,98.8152931341744,98.81846624518026,99.55758046031698,97.70651300507434,99.5352054714496,99.54675917894443,99.5468669829186,99.55795765116885,98.31882830098787,1.0,9.24196986029286,14.34196986029286
2000,5.8-13.8,1500,1,30,300,42,-0.041090320383204926,100.0410903203832,98.68091638185254,98.90999496196396,98.90999496196395,99.03334356018611,98.92319704641024,99.0902871598983,99.01112064957141,99.01376925745984,99.63071071871119,98.40205772194035,99.61203422995663,99.62167815377619,99.6217681381656,99.63102556135736,98.59671955516227,1.0,9.268091638185254,14.368091638185254
2000,5.8-13.8,1000,1,20,300,42,0.16439405017743525,99.83560594982256,98.41969860292859,98.69414155348062,98.6941415534806,98.6125819413412,98.70995804320702,98.91013696753697,98.8152931341744,98.81846624518026,99.55758046031698,97.70651300507434,99.5352054714496,99.54675917894443,99.5468669829186,99.55795765116885,98.31882830098787,1.0,9.24196986029286,14.34196986029286
2000,5.8-13.8,1000,1,25,300,42,-0.041090320383204926,100.0410903203832,98.68091638185254,98.90999496196396,98.90999496196395,99.03334356018611,98.92319704641024,99.0902871598983,99.01112064957141,99.01376925745984,99.63071071871119,98.40205772194035,99.61203422995663,99.62167815377619,99.6217681381656,99.63102556135736,98.59671955516227,1.0,9.268091638185254,14.368091638185254
2000,5.8-13.8,1000,1,30,300,42,-0.297379038278649,100.29737903827865,99.01632664928158,99.18715622473526,99.18715622473526,99.46243707727021,99.19700134635231,99.32160458571144,99.26256815662795,99.26454328918248,99.72461182921826,99.111375576712,99.71068430861223,99.71787602165236,99.71794312524203,99.72484661518367,98.95353898859743,1.0,9.301632664928158,14.401632664928158
2000,5.8-13.8,750,1,20,300,42,0.06742309985253314,99.93257690014747,98.54215504919628,98.79533160810294,98.79533160810296,98.81927116634228,98.80992248913982,98.99458968910088,98.90709523782803,98.9100224666888,99.59186323997493,98.04818294844341,99.57122207329303,99.58188049210199,99.58197994242188,99.59221120257239,98.44910111616625,1.0,9.254215504919628,14.354215504919628
2000,5.8-13.8,750,1,25,300,42,-0.16229422410469851,100.1622942241047,98.83815357129748,99.03992556401505,99.03992556401505,99.25006270895067,99.05155393575305,99.19872660089482,99.12899688396806,99.1313297729327,99.67473067914672,98.76030774336743,99.65828046214632,99.66677481253797,99.66685407062293,99.67500799197133,98.76399316095477,1.0,9.283815357129749,14.383815357129748
2000,5.8-13.8,750,1,30,300,42,-0.4475518819675983,100.4475518819676,99.21822319697742,99.35399042017437,99.35399042017438,99.66045835014211,99.36181485467544,99.46084358412236,99.4139242376167,99.41549397904855,99.7811345772591,99.4387168645207,99.77006564616984,99.7757812777102,99.77583460845231,99.7813211739797,99.16832254997598,1.0,9.321822319697743,14.421822319697743
2000,5.8-13.8,500,1,20,300,42,-0.041090320383204926,100.0410903203832,98.68091638185254,98.90999496196396,98.90999496196395,99.03334356018611,98.92319704641024,99.0902871598983,99.01112064957141,99.01376925745984,99.63071071871119,98.40205772194035,99.61203422995663,99.62167815377619,99.6217681381656,99.63102556135736,98.59671955516227,1.0,9.268091638185254,14.368091638185254
2000,5.8-13.8,500,1,25,300,42,-0.297379038278649,100.29737903827865,99.01632664928158,99.18715622473526,99.18715622473526,99.46243707727021,99.19700134635231,99.32160458571144,99.26256815662795,99.26454328918248,99.72461182921826,99.111375576712,99.71068430861223,99.71787602165236,99.71794312524203,99.72484661518367,98.95353898859743,1.0,9.301632664928158,14.401632664928158
2000,5.8-13.8,500,1,30,300,42,-0.6139985108108732,100.61399851081087,99.44700195767851,99.54303833065487,99.54303833065487,99.83010731399366,99.54857302667634,99.61862203977829,99.58543314665133,99.58654351975963,99.84518324176459,99.71915698843851,99.83735351696427,99.84139652903653,99.84143425309777,99.84531523291706,99.41170421029629,1.0,9.344700195767851,14.444700195767851
2000,5.8-13.8,350,1,20,300,42,0.02546593765676164,99.97453406234324,98.59558748116237,98.83948469986778,98.83948469986778,98.90423637607341,98.85354080094888,99.03143964218094,98.94715200745773,98.9499719485326,99.60682212819614,98.1886356420805,99.58693749445952,99.59720526456641,99.59730106986734,99.60715733738807,98.50594412889615,1.0,9.259558748116238,14.359558748116237
2000,5.8-13.8,350,1,25,300,42,-0.21459487236330688,100.2145948723633,98.90676217201738,99.09661925606645,99.09661925606643,99.33601725081547,99.10756095674888,99.24604287725337,99.18043079428298,99.18262592300366,99.69393827182812,98.9023958635929,99.67845946235805,99.68645220988722,99.68652678767523,99.69419920895591,98.83698103406104,1.0,9.290676217201739,14.390676217201738
2000,5.8-13.8,350,1,30,300,42,-0.5121131218307511,100.51211312183075,99.30631838410518,99.42678656173425,99.42678656173425,99.73266989764976,99.43372929314708,99.52159888558978,99.47996668574072,99.48135953951788,99.80579761445541,99.55808697366594,99.79597599532505,99.8010475560409,99.80109487716278,99.80596318436508,99.26204083415445,1.0,9.330631838410518,14.430631838410518
2000,5.8-13.8,200,1,20,300,42,0.08770490977850898,99.91229509022149,98.5164241493515,98.77406926348873,98.77406926348873,98.77722371965142,98.78891767293999,98.97684424093207,98.8878055164075,98.89078441073009,99.58465964394823,97.97867594472991,99.56365416157396,99.57450070101041,99.57460190662408,99.58501374807035,98.42172781845903,1.0,9.25164241493515,14.35164241493515
2000,5.8-13.8,200,1,25,300,42,-0.1369814991271454,100.13698149912715,98.80511444190255,99.01262417311203,99.01262417311203,99.20680472391675,99.02458321787962,99.17594099441555,99.10422839138327,99.10662762011405,99.66548107875686,98.68879964565829,99.6485630711478,99.65729897320651,99.65738048513334,99.66576627745526,98.72884515096015,1.0,9.280511444190255,14.380511444190255
2000,5.8-13.8,200,1,30,300,42,-0.4162526635910382,100.41625266359104,99.1758001150891,99.31893474034399,99.318934740344,99.62260808317382,99.32718376741968,99.43158628626834,99.3821208636048,99.38377578698251,99.76925785526431,99.37614805585876,99.75758826914385,99.76361405916415,99.76367028389652,99.76945457764731,99.12319161179691,1.0,9.31758001150891,14.41758001150891
2000,5.8-13.8,150,1,20,300,42,0.10753413703712056,99.89246586296288,98.49132854768747,98.75333188803353,98.75333188803354,98.73550580498734,98.76843146749998,98.95953692943964,98.86899205990579,98.8720213440654,99.5776339053411,97.90971367763214,99.55627310226102,99.56730311761007,99.5674060351792,99.57799399935314,98.39503036988032,1.0,9.24913285476875,14.349132854768747
2000,5.8-13.8,150,1,25,300,42,-0.11221431710485774,100.11221431710486,98.77289105151887,98.98599685595215,98.98599685595212,99.16344646030973,98.99827840940316,99.15371796656474,99.08007143505932,99.08253536562158,99.65645985181433,98.61712578132837,99.63908560338791,99.64805709318175,99.64814080330291,99.6567527416836,98.69456494842433,1.0,9.277289105151887,14.377289105151887
2000,5.8-13.8,150,1,30,300,42,-0.3855952669952103,100.38559526699521,99.13442446282461,99.2847445883325,99.2847445883325,99.58376610524641,99.29340772475479,99.40305135367215,99.35110271769504,99.35284071986887,99.75767437058039,99.31193988826446,99.74541895965429,99.75174725031437,99.75180629758411,99.75788096862226,99.07917496045172,1.0,9.313442446282462,14.413442446282462
2000,5.8-13.8,100,1,20,300,42,0.12691960631403276,99.87308039368597,98.46685255863626,98.73310652020264,98.73310652020264,98.69414384613323,98.7484510682745,98.94265693699053,98.85064310930017,98.8537215391673,99.57078163283832,97.84133982728147,99.54907428195185,99.56028324317708,99.56038783043334,99.5711475688493,98.36899208365558,1.0,9.246685255863625,14.346685255863626
2000,5.8-13.8,100,1,25,300,42,-0.08798308240315578,100.08798308240316,98.74146325947851,98.9600269695954,98.96002696959543,99.12004737375419,98.97262306896205,99.13204362722657,99.05651091611216,99.05903795101197,99.64766135975864,98.54538443416519,99.62984213514075,99.63904339598784,99.6391292500297,99.6479617509031,98.66113112710482,1.0,9.274146325947854,14.374146325947851
2000,5.8-13.8,100,1,30,300,42,-0.35557023247380926,100.35557023247381,99.09407037905444,99.25139859418196,99.25139859418195,99.54405084549634,99.26046561555464,99.37522095107202,99.32085041253652,99.3226694422837,99.74637688315237,99.24628813235114,99.73355011148661,99.74017343401906,99.74023523413749,99.74659311302223,99.03624508410047,1.0,9.309407037905444,14.409407037905444
2000,5.8-13.8,75,1,20,300,42,0.13644866126585953,99.86355133873414,98.45484212325987,98.72318187638994,98.72318187638993,98.67360396441552,98.73864663123254,98.93437387811025,98.84163922859847,98.8447417743999,99.5674192038102,97.80738614525826,99.54554180095877,99.55683857141932,99.55694397799566,99.56778800650625,98.35621502474454,1.0,9.245484212325987,14.345484212325987
2000,5.8-13.8,75,1,25,300,42,-0.07606545955881927,100.07606545955882,98.72604155518977,98.94728347468835,98.94728347468833,99.09834993383149,98.96003392260388,99.12140796909638,99.04494970444236,99.04750770481478,99.64334391542478,98.50951723755821,99.6253063397617,99.63462034989874,99.6347072559684,99.64364798746567,98.64472505871251,1.0,9.272604155518977,14.372604155518976
2000,5.8-13.8,75,1,30,300,42,-0.3407918730467969,100.3407918730468,99.07426851877902,99.23503562282386,99.23503562282387,99.52390068037579,99.24430083165635,99.36156449570967,99.3060055229048,99.30786431310581,99.74083317489256,99.2129786757232,99.727726034935,99.73449413042148,99.73455728137033,99.741054131127,99.01517927529683,1.0,9.307426851877903,14.407426851877903
2000,5.8-13.8,50,1,20,300,42,0.1458700390050467,99.85412996099495,98.4429808839079,98.71338051848274,98.71338051848272,98.65316192895766,98.72896398686359,98.92619371303994,98.83274719589919,98.83587355806198,99.56409854354641,97.77359420909316,99.54205320114937,99.55343669006137,99.55354290578003,99.56447017731689,98.34359668500841,1.0,9.24429808839079,14.34429808839079
2000,5.8-13.8,50,1,25,300,42,-0.06427824737355081,100.06427824737355,98.71081142238842,98.93469828201744,98.93469828201744,99.07666267297544,98.94760116113339,99.11090442923339,99.03353210845046,99.03612068963619,99.63908010324582,98.47366686757172,99.62082688893777,99.63025224777058,99.63034019279955,99.6393878104583,98.6285227897749,1.0,9.271081142238842,14.371081142238841
2000,5.8-13.8,50,1,30,300,42,-0.3261680223872645,100.32616802238726,99.05471264116255,99.21887591556049,99.21887591556049,99.50357322734563,99.22833684992861,99.34807768356038,99.29134503945372,99.29324309619629,99.73535833168275,99.1793761513265,99.72197430622428,99.72888537626625,99.72894986126525,99.73558395556995,98.99437515017291,1.0,9.305471264116255,14.405471264116255
2000,5.8-13.8,35,1,20,300,42,0.1514716274605803,99.84852837253942,98.43593498243672,98.70755824308227,98.70755824308226,98.64094478935266,98.72321223056059,98.92133447064602,98.82746508461061,98.83060559434522,99.56212598028006,97.75339852933801,99.53998087718726,99.55141587923771,99.5515225756091,99.5624992957865,98.33610104514545,1.0,9.243593498243673,14.343593498243672
2000,5.8-13.8,35,1,25,300,42,-0.057268024205569645,100.05726802420557,98.70176430581596,98.92722233242031,98.92722233242031,99.06365782352582,98.94021575984976,99.10466503849376,99.02674974330216,99.02935649032969,99.63654728187586,98.45216905521612,99.61816597229881,99.62765747531066,99.62774603750995,99.63685714847999,98.61889819767656,1.0,9.270176430581596,14.370176430581596
2000,5.8-13.8,35,1,30,300,42,-0.3174673764669791,100.31746737646698,99.0430959135358,99.2092766062639,99.20927660626391,99.49129698294894,99.21885380696799,99.34006614726606,99.28263631021804,99.28455769236321,99.73210612466785,99.15908276773196,99.71855762162818,99.7255536224772,99.72561889993858,99.73233452126875,98.9820169292934,1.0,9.30430959135358,14.404309591353579
2000,5.8-13.8,20,1,20,300,42,0.1570350694326237,99.84296493056738,98.42894172755511,98.70177947140445,98.70177947140445,98.6287643914347,98.7175034510654,98.9165115362449,98.82222244096802,98.82537699256457,99.56016815589842,97.73326358584114,99.53792403751622,99.54941016780174,99.54951734123445,99.56054314057486,98.32866141229266,1.0,9.242894172755511,14.34289417275551
2000,5.8-13.8,20,1,25,300,42,-0.05030406712340607,100.0503040671234,98.6927847888026,98.91980224270876,98.91980224270874,99.0506602175634,98.93288554187967,99.09847226813972,99.02001805561444,99.0226428327496,99.63403338560838,98.43068321678852,99.61552493788312,99.62508209084834,99.62517126560648,99.63434539546927,98.60934552000276,1.0,9.26927847888026,14.36927847888026
2000,5.8-13.8,20,1,30,300,42,-0.3088216611503469,100.30882166115035,99.03156598546104,99.19974902248015,99.19974902248016,99.47896419971332,99.20944162078453,99.33211447273176,99.2739926521298,99.27593718539143,99.72887821796546,99.13869592197506,99.71516646631207,99.72224676336981,99.72231282737235,99.72910936656253,98.96975104836281,1.0,9.303156598546105,14.403156598546104
2000,5.8-13.8,200000,1,20,300,42,0.9288878002129337,99.07111219978707,97.5,97.93416235513779,97.93416235513779,96.52777777777779,97.95918367346938,98.27586206896552,98.12582133379574,98.13084112149532,99.30010259355764,94.26020408163265,99.26470588235294,99.28298357848774,99.2831541218638,99.3006993006993,97.34042553191489,1.0,9.15,14.25
2000,5.8-13.8,200000,1,25,300,42,0.9288878002129337,99.07111219978707,97.5,97.93416235513779,97.93416235513779,96.52777777777779,97.95918367346938,98.27586206896552,98.12582133379574,98.13084112149532,99.30010259355764,94.26020408163265,99.26470588235294,99.28298357848774,99.2831541218638,99.3006993006993,97.34042553191489,1.0,9.15,14.25
2000,5.8-13.8,200000,1,30,300,42,0.9288878002129337,99.07111219978707,97.5,97.93416235513779,97.93416235513779,96.52777777777779,97.95918367346938,98.27586206896552,98.12582133379574,98.13084112149532,99.30010259355764,94.26020408163265,99.26470588235294,99.28298357848774,99.2831541218638,99.3006993006993,97.34042553191489,1.0,9.15,14.25
2000,5.8-13.8,150000,1,20,300,42,0.9288878002129337,99.07111219978707,97.5,97.93416235513779,97.93416235513779,96.52777777777779,97.95918367346938,98.27586206896552,98.12582133379574,98.13084112149532,99.30010259355764,94.26020408163265,99.26470588235294,99.28298357848774,99.2831541218638,99.3006993006993,97.34042553191489,1.0,9.15,14.25
2000,5.8-13.8,150000,1,25,300,42,0.9288878002129337,99.07111219978707,97.5,97.93416235513779,97.93416235513779,96.52777777777779,97.95918367346938,98.27586206896552,98.12582133379574,98.13084112149532,99.30010259355764,94.26020408163265,99.26470588235294,99.28298357848774,99.2831541218638,99.3006993006993,97.34042553191489,1.0,9.15,14.25
2000,5.8-13.8,150000,1,30,300,42,0.9288878002129337,99.07111219978707,97.5,97.93416235513779,97.93416235513779,96.52777777777779,97.95918367346938,98.27586206896552,98.12582133379574,98.13084112149532,99.30010259355764,94.26020408163265,99.26470588235294,99.28298357848774,99.2831541218638,99.3006993006993,97.34042553191489,1.0,9.15,14.25
2000,5.8-13.8,100000,1,20,300,42,0.9288878002129337,99.07111219978707,97.5,97.93416235513779,97.93416235513779,96.52777777777779,97.95918367346938,98.27586206896552,98.12582133379574,98.13084112149532,99.30010259355764,94.26020408163265,99.26470588235294,99.28298357848774,99.2831541218638,99.3006993006993,97.34042553191489,1.0,9.15,14.25
2000,5.8-13.8,100000,1,25,300,42,0.9288878002129337,99.07111219978707,97.5,97.93416235513779,97.93416235513779,96.52777777777779,97.95918367346938,98.27586206896552,98.12582133379574,98.13084112149532,99.30010259355764,94.26020408163265,99.26470588235294,99.28298357848774,99.2831541218638,99.3006993006993,97.34042553191489,1.0,9.15,14.25
2000,5.8-13.8,100000,1,30,300,42,0.9288878002129337,99.07111219978707,97.5,97.93416235513779,97.93416235513779,96.52777777777779,97.95918367346938,98.27586206896552,98.12582133379574,98.13084112149532,99.30010259355764,94.26020408163265,99.26470588235294,99.28298357848774,99.2831541218638,99.3006993006993,97.34042553191489,1.0,9.15,14.25
2000,5.8-13.8,90000,1,20,300,42,0.9288878002129337,99.07111219978707,97.5,97.93416235513779,97.93416235513779,96.52777777777779,97.95918367346938,98.27586206896552,98.12582133379574,98.13084112149532,99.30010259355764,94.26020408163265,99.26470588235294,99.28298357848774,99.2831541218638,99.3006993006993,97.34042553191489,1.0,9.15,14.25
2000,5.8-13.8,90000,1,25,300,42,0.9288878002129337,99.07111219978707,97.5,97.93416235513779,97.93416235513779,96.52777777777779,97.95918367346938,98.27586206896552,98.12582133379574,98.13084112149532,99.30010259355764,94.26020408163265,99.26470588235294,99.28298357848774,99.2831541218638,99.3006993006993,97.34042553191489,1.0,9.15,14.25
2000,5.8-13.8,90000,1,30,300,42,0.9288878002129337,99.07111219978707,97.5,97.93416235513779,97.93416235513779,96.52777777777779,97.95918367346938,98.27586206896552,98.12582133379574,98.13084112149532,99.30010259355764,94.26020408163265,99.26470588235294,99.28298357848774,99.2831541218638,99.3006993006993,97.34042553191489,1.0,9.15,14.25
2000,5.8-13.8,80000,1,20,300,42,0.9288878002129337,99.07111219978707,97.5,97.93416235513779,97.93416235513779,96.52777777777779,97.95918367346938,98.27586206896552,98.12582133379574,98.13084112149532,99.30010259355764,94.26020408163265,99.26470588235294,99.28298357848774,99.2831541218638,99.3006993006993,97.34042553191489,1.0,9.15,14.25
2000,5.8-13.8,80000,1,25,300,42,0.9288878002129337,99.07111219978707,97.5,97.93416235513779,97.93416235513779,96.52777777777779,97.95918367346938,98.27586206896552,98.12582133379574,98.13084112149532,99.30010259355764,94.26020408163265,99.26470588235294,99.28298357848774,99.2831541218638,99.3006993006993,97.34042553191489,1.0,9.15,14.25
2000,5.8-13.8,80000,1,30,300,42,0.9288878002129337,99.07111219978707,97.5,97.93416235513779,97.93416235513779,96.52777777777779,97.95918367346938,98.27586206896552,98.12582133379574,98.13084112149532,99.30010259355764,94.26020408163265,99.26470588235294,99.28298357848774,99.2831541218638,99.3006993006993,97.34042553191489,1.0,9.15,14.25
2000,5.8-13.8,70000,1,20,300,42,0.9288878002129337,99.07111219978707,97.5,97.93416235513779,97.93416235513779,96.52777777777779,97.95918367346938,98.27586206896552,98.12582133379574,98.13084112149532,99.30010259355764,94.26020408163265,99.26470588235294,99.28298357848774,99.2831541218638,99.3006993006993,97.34042553191489,1.0,9.15,14.25
2000,5.8-13.8,70000,1,25,300,42,0.9288878002129337,99.07111219978707,97.5,97.93416235513779,97.93416235513779,96.52777777777779,97.95918367346938,98.27586206896552,98.12582133379574,98.13084112149532,99.30010259355764,94.26020408163265,99.26470588235294,99.28298357848774,99.2831541218638,99.3006993006993,97.34042553191489,1.0,9.15,14.25
2000,5.8-13.8,70000,1,30,300,42,0.9288878002129337,99.07111219978707,97.5,97.93416235513779,97.93416235513779,96.52777777777779,97.95918367346938,98.27586206896552,98.12582133379574,98.13084112149532,99.30010259355764,94.26020408163265,99.26470588235294,99.28298357848774,99.2831541218638,99.3006993006993,97.34042553191489,1.0,9.15,14.25
2000,5.8-13.8,60000,1,20,300,42,0.92888780021282,99.07111219978718,97.50000000000014,97.9341623551379,97.93416235513793,96.52777777777817,97.95918367346951,98.27586206896561,98.12582133379586,98.13084112149544,99.30010259355767,94.2602040816333,99.26470588235298,99.28298357848777,99.28315412186384,99.30069930069934,97.34042553191505,1.0,9.150000000000015,14.250000000000014
2000,5.8-13.8,60000,1,25,300,42,0.9288878002127774,99.07111219978722,97.50000000000017,97.93416235513793,97.93416235513796,96.52777777777827,97.95918367346954,98.27586206896564,98.12582133379588,98.13084112149546,99.3001025935577,94.26020408163363,99.264705882353,99.2829835784878,99.28315412186386,99.30069930069936,97.34042553191509,1.0,9.150000000000018,14.250000000000018
2000,5.8-13.8,60000,1,30,300,42,0.9288878002127348,99.07111219978727,97.50000000000023,97.93416235513797,97.93416235513799,96.52777777777841,97.95918367346958,98.27586206896568,98.12582133379591,98.1308411214955,99.3001025935577,94.26020408163363,99.264705882353,99.2829835784878,99.28315412186386,99.30069930069936,97.34042553191514,1.0,9.150000000000023,14.250000000000023
2000,5.8-13.8,55000,1,20,300,42,0.9288878002114558,99.07111219978854,97.50000000000172,97.93416235513921,97.93416235513921,96.52777777778256,97.95918367347079,98.2758620689667,98.12582133379703,98.13084112149662,99.30010259355812,94.26020408164048,99.26470588235344,99.28298357848823,99.28315412186429,99.30069930069978,97.34042553191672,1.0,9.150000000000173,14.250000000000172
2000,5.8-13.8,55000,1,25,300,42,0.928887800211001,99.071112199789,97.50000000000222,97.93416235513962,97.9341623551396,96.52777777778394,97.9591836734712,98.27586206896704,98.1258213337974,98.13084112149699,99.30010259355825,94.26020408164277,99.2647058823536,99.28298357848837,99.28315412186443,99.30069930069992,97.34042553191726,1.0,9.150000000000222,14.250000000000222
2000,5.8-13.8,55000,1,30,300,42,0.928887800210461,99.07111219978954,97.50000000000284,97.93416235514013,97.93416235514012,96.52777777778567,97.95918367347171,98.27586206896748,98.12582133379786,98.13084112149745,99.30010259355842,94.26020408164571,99.26470588235378,99.28298357848854,99.28315412186461,99.3006993007001,97.34042553191792,1.0,9.150000000000285,14.250000000000284
2000,5.8-13.8,45000,1,20,300,42,0.9288877999907754,99.07111220000922,97.50000000025653,97.93416235534977,97.93416235534977,96.5277777784904,97.95918367367881,98.27586206914245,98.12582133398806,98.13084112168714,99.30010259362945,94.26020408281082,99.2647058824284,99.28298357856133,99.28315412193737,99.30069930077107,97.34042553218781,1.0,9.150000000025655,14.250000000025654
2000,5.8-13.8,45000,1,25,300,42,0.9288877999276934,99.0711122000723,97.50000000032941,97.93416235540998,97.93416235540997,96.52777777869281,97.9591836737383,98.2758620691927,98.12582133404268,98.13084112174161,99.30010259364984,94.26020408314524,99.26470588244983,99.28298357858222,99.28315412195825,99.30069930079144,97.34042553226533,1.0,9.150000000032941,14.25000000003294
2000,5.8-13.8,45000,1,30,300,42,0.9288877998466631,99.07111220015334,97.50000000042297,97.9341623554873,97.93416235548732,96.52777777895268,97.95918367381466,98.27586206925722,98.12582133411283,98.13084112181156,99.30010259367604,94.26020408357495,99.26470588247734,99.28298357860905,99.28315412198509,99.30069930081761,97.34042553236486,1.0,9.150000000042297,14.250000000042297
2000,5.8-13.8,40000,1,20,300,42,0.9288877975064196,99.07111220249358,97.50000000312538,97.9341623577204,97.9341623577204,96.52777778645937,97.95918367602071,98.27586207112095,98.12582133613874,98.13084112383206,99.30010259443259,94.26020409598395,99.26470588327217,99.28298357938411,99.28315412275997,99.30069930157353,97.34042553523976,1.0,9.150000000312538,14.250000000312538
2000,5.8-13.8,40000,1,25,300,42,0.9288877967376976,99.0711122032623,97.50000000401307,97.93416235845393,97.93416235845392,96.5277777889252,97.95918367674537,98.27586207173316,98.12582133680422,98.13084112449576,99.30010259468112,94.26020410006004,99.26470588353325,99.28298357963871,99.2831541230145,99.30069930182184,97.34042553618413,1.0,9.150000000401308,14.250000000401307
2000,5.8-13.8,40000,1,30,300,42,0.9288877957506401,99.07111220424936,97.50000000515288,97.9341623593958,97.93416235939581,96.52777779209136,97.95918367767582,98.27586207251923,98.12582133765872,98.13084112534796,99.30010259500021,94.26020410529372,99.26470588386849,99.28298357996562,99.28315412334132,99.30069930214066,97.3404255373967,1.0,9.15000000051529,14.25000000051529
2000,5.8-13.8,30000,1,20,300,42,0.9288873985294543,99.07111260147055,97.50000046384784,97.93416273843151,97.93416273843151,96.52777906624388,97.95918405212069,98.27586238886057,98.12582168152923,98.13084146829745,99.30010272341597,94.260206211546,99.26470601877878,99.28298371152235,99.28315425486676,99.30069943044695,97.34042602537005,1.0,9.150000046384784,14.250000046384784
2000,5.8-13.8,30000,1,25,300,42,0.9288872844411173,99.07111271555888,97.50000059559241,97.93416284729668,97.93416284729665,96.52777943220094,97.95918415966727,98.27586247971891,98.12582178029439,98.13084156679807,99.30010276029904,94.26020681649544,99.26470605752718,99.28298374930756,99.28315429264299,99.30069946729857,97.34042616552384,1.0,9.150000059559241,14.250000059559241
2000,5.8-13.8,30000,1,30,300,42,0.9288871379488199,99.07111286205118,97.5000007647558,97.93416298708232,97.93416298708233,96.52777990209911,97.95918429775983,98.2758625963833,98.12582190711134,98.13084169327536,99.30010280765788,94.26020759326589,99.26470610728111,99.28298379782471,99.28315434114862,99.30069951461701,97.34042634548489,1.0,9.15000007647558,14.25000007647558
2000,5.8-13.8,25000,1,20,300,42,0.9288829067071873,99.07111709329281,97.50000565082352,97.93416702461137,97.93416702461136,96.52779347449206,97.95918828638655,98.27586596608519,98.12582557005692,98.13084534641011,99.30010417555631,94.26023002926239,99.26470754435987,99.28298519918104,99.28315574217162,99.30070088134924,97.34043154342928,1.0,9.150000565082353,14.250000565082352
2000,5.8-13.8,25000,1,25,300,42,0.9288815168276443,99.07111848317236,97.50000725580102,97.93416835086055,97.93416835086056,96.52779793275138,97.95918959657226,98.27586707296622,98.12582677326273,98.13084654639329,99.30010462488414,94.26023739903793,99.26470801641206,99.28298565949913,99.28315620238021,99.30070133029399,97.34043325085216,1.0,9.150000725580103,14.250000725580103
2000,5.8-13.8,25000,1,30,300,42,0.9288797321872551,99.07112026781274,97.50000931663293,97.93417005379818,97.93417005379821,96.52780365726544,97.95919127888402,98.2758684942296,98.12582831820961,98.13084808720218,99.30010520183254,94.26024686201032,99.2647086225391,99.28298625055925,99.28315679329977,99.30070190675048,97.34043544322651,1.0,9.150000931663293,14.250000931663292
2000,5.8-13.8,9000,1,20,300,42,0.9143111789607588,99.08568882103924,97.51684486749772,97.94808185969758,97.94808185969758,96.57441143773754,97.97293458571242,98.28747921896395,98.13844945031545,98.14343541495157,99.30481846518703,94.33729237666827,99.26966025514639,99.28781479713336,99.2879841913972,99.30541115174762,97.35834560372098,1.0,9.151684486749772,14.251684486749772
2000,5.8-13.8,9000,1,25,300,42,0.9101749566065251,99.08982504339347,97.5216292380078,97.95203535278026,97.95203535278024,96.58759909227899,97.97684019429208,98.29077878483297,98.14203615637193,98.14701251439836,99.30615789259164,94.35909237703271,99.27106742294347,99.2891869860223,99.28935605390905,99.30674943720499,97.36343535958277,1.0,9.15216292380078,14.25216292380078
2000,5.8-13.8,9000,1,30,300,42,0.9048664775476283,99.09513352245237,97.5277724913456,97.95711173838312,97.9571117383831,96.60449508080693,97.981855094976,98.29501551127282,98.14664157811065,98.15160560100605,99.3078777514229,94.38702248051757,99.27287426216047,99.29094891143218,99.29111756024247,99.30846782974702,97.36997073547404,1.0,9.15277724913456,14.25277724913456
2000,5.8-13.8,8000,1,20,300,42,0.9048664775476283,99.09513352245237,97.5277724913456,97.95711173838312,97.9571117383831,96.60449508080693,97.981855094976,98.29501551127282,98.14664157811065,98.15160560100605,99.3078777514229,94.38702248051757,99.27287426216047,99.29094891143218,99.29111756024247,99.30846782974702,97.36997073547404,1.0,9.15277724913456,14.25277724913456
2000,5.8-13.8,8000,1,25,300,42,0.8980544359652072,99.10194556403479,97.53566058477249,97.9636299465221,97.96362994652209,96.62612847030896,97.98829435491632,98.30045557570517,98.15255505667773,98.1575032409514,99.31008609387543,94.42278379785759,99.27519428963896,99.29321126844077,99.29337937914623,99.31067428944685,97.37836232422606,1.0,9.15356605847725,14.253566058477249
2000,5.8-13.8,8000,1,30,300,42,0.889314493835883,99.11068550616412,97.54578909722184,97.97199949144384,97.97199949144384,96.6538049137138,97.99656252834436,98.30744075670472,98.16014811345892,98.1650759605397,99.31292166171319,94.46853465328198,99.27817326388877,99.29611619234144,99.29628361210662,99.31350743978233,97.38913733747005,1.0,9.154578909722185,14.254578909722184
2000,5.8-13.8,7000,1,20,300,42,0.889314493835883,99.11068550616412,97.54578909722184,97.97199949144384,97.97199949144384,96.6538049137138,97.99656252834436,98.30744075670472,98.16014811345892,98.1650759605397,99.31292166171319,94.46853465328198,99.27817326388877,99.29611619234144,99.29628361210662,99.31350743978233,97.38913733747005,1.0,9.154578909722185,14.254578909722184
2000,5.8-13.8,7000,1,25,300,42,0.8781035496513567,99.12189645034864,97.55879436464002,97.98274619984943,97.98274619984943,96.68917502549263,98.00717907317554,98.31640990664829,98.16989779135629,98.17479952496451,99.3165626028876,94.52700361356928,99.28199834254117,99.29984618846345,99.30001272104373,99.31714527682237,97.40297272834046,1.0,9.155879436464003,14.255879436464003
2000,5.8-13.8,7000,1,30,300,42,0.8637271478645943,99.1362728521354,97.5754934585558,97.99654524658796,97.99654524658796,96.73431557249683,98.02081098657617,98.32792652314193,98.18241662558106,98.18728482882676,99.32123766389626,94.60162370147434,99.2869098407517,99.30463559828824,99.30480099170059,99.32181635204358,97.42073772186787,1.0,9.15754934585558,14.25754934585558
2000,5.8-13.8,6000,1,20,300,42,0.8637271478645943,99.1362728521354,97.5754934585558,97.99654524658796,97.99654524658796,96.73431557249683,98.02081098657617,98.32792652314193,98.18241662558106,98.18728482882676,99.32123766389626,94.60162370147434,99.2869098407517,99.30463559828824,99.30480099170059,99.32181635204358,97.42073772186787,1.0,9.15754934585558,14.25754934585558
2000,5.8-13.8,6000,1,25,300,42,0.8452983721728771,99.15470162782712,97.5969355195793,98.01426357332626,98.01426357332626,96.7918228349669,98.03831470986066,98.34271415143401,98.19849112691293,98.20331627632098,99.32724056105593,94.69668672719018,99.29321632928803,99.31078532223421,99.31094925292597,99.32781413135085,97.44354842508437,1.0,9.15969355195793,14.25969355195793
2000,5.8-13.8,6000,1,30,300,42,0.821686284131701,99.1783137158683,97.62446767091966,98.03701435519945,98.03701435519946,96.86491452971894,98.06078993544462,98.36170184201356,98.21913119518364,98.22390106236983,99.33494843358267,94.81751177361706,99.30131402085873,99.31868172408645,99.31884377660779,99.33551543242508,97.47283794778687,1.0,9.162446767091966,14.262446767091966
2000,5.8-13.8,5500,1,20,300,42,0.8452983721728771,99.15470162782712,97.5969355195793,98.01426357332626,98.01426357332626,96.7918228349669,98.03831470986066,98.34271415143401,98.19849112691293,98.20331627632098,99.32724056105593,94.69668672719018,99.29321632928803,99.31078532223421,99.31094925292597,99.32781413135085,97.44354842508437,1.0,9.15969355195793,14.25969355195793
2000,5.8-13.8,5500,1,25,300,42,0.821686284131701,99.1783137158683,97.62446767091966,98.03701435519945,98.03701435519946,96.86491452971894,98.06078993544462,98.36170184201356,98.21913119518364,98.22390106236983,99.33494843358267,94.81751177361706,99.30131402085873,99.31868172408645,99.31884377660779,99.33551543242508,97.47283794778687,1.0,9.162446767091966,14.262446767091966
2000,5.8-13.8,5500,1,30,300,42,0.7914517295921968,99.2085482704078,97.65981965301677,98.06622693737413,98.06622693737414,96.95753107977414,98.08964869634022,98.3860825193219,98.24563356744542,98.25033245085366,99.34484553781562,94.97061260125929,99.31171166265199,99.32882090476511,99.32898054566789,99.34540409874595,97.51044643937954,1.0,9.165981965301677,14.265981965301677
2000,5.8-13.8,4500,1,20,300,42,0.7914517295921968,99.2085482704078,97.65981965301677,98.06622693737413,98.06622693737414,96.95753107977414,98.08964869634022,98.3860825193219,98.24563356744542,98.25033245085366,99.34484553781562,94.97061260125929,99.31171166265199,99.32882090476511,99.32898054566789,99.34540409874595,97.51044643937954,1.0,9.165981965301677,14.265981965301677
2000,5.8-13.8,4500,1,25,300,42,0.7527682306972565,99.24723176930274,97.70521249655974,98.1037366353735,98.10373663537348,97.07441684114136,98.12670407882429,98.4173879286619,98.27966328703206,98.28427102546523,99.35755367120234,95.16383192107057,99.32506249898817,99.3418398704609,99.34199641478416,99.3581013976391,97.55873669846781,1.0,9.170521249655975,14.270521249655975
2000,5.8-13.8,4500,1,30,300,42,0.7033258799188928,99.29667412008111,97.76349806140466,98.15190004097697,98.15190004097697,97.22114393258849,98.17428413175891,98.45758486993425,98.32335831190406,98.32784901787264,99.37387123746949,95.40638078652385,99.34220531217784,99.35855655331325,99.35870912154972,99.37440505214117,97.62074261851559,1.0,9.176349806140466,14.276349806140466
2000,5.8-13.8,4000,1,20,300,42,0.7527682306972565,99.24723176930274,97.70521249655974,98.1037366353735,98.10373663537348,97.07441684114136,98.12670407882429,98.4173879286619,98.27966328703206,98.28427102546523,99.35755367120234,95.16383192107057,99.32506249898817,99.3418398704609,99.34199641478416,99.3581013976391,97.55873669846781,1.0,9.170521249655975,14.270521249655975
2000,5.8-13.8,4000,1,25,300,42,0.7033258799188928,99.29667412008111,97.76349806140466,98.15190004097697,98.15190004097697,97.22114393258849,98.17428413175891,98.45758486993425,98.32335831190406,98.32784901787264,99.37387123746949,95.40638078652385,99.34220531217784,99.35855655331325,99.35870912154972,99.37440505214117,97.62074261851559,1.0,9.176349806140466,14.276349806140466
2000,5.8-13.8,4000,1,30,300,42,0.6402169572602645,99.35978304273974,97.83833820809153,98.21374307792607,98.21374307792608,97.40401016522394,98.23537812905431,98.50919876420106,98.37946383442251,98.38380426773199,99.39482340729506,95.70866986496188,99.36421712002691,99.3800211989784,99.38016866181835,99.39533935890671,97.70035979584206,1.0,9.183833820809154,14.283833820809154
2000,5.8-13.8,3000,1,20,300,42,0.6402169572602645,99.35978304273974,97.83833820809153,98.21374307792607,98.21374307792608,97.40401016522394,98.23537812905431,98.50919876420106,98.37946383442251,98.38380426773199,99.39482340729506,95.70866986496188,99.36421712002691,99.3800211989784,99.38016866181835,99.39533935890671,97.70035979584206,1.0,9.183833820809154,14.283833820809154
2000,5.8-13.8,3000,1,25,300,42,0.559803930807746,99.44019606919225,97.9344348586261,98.29315110921387,98.29315110921387,97.62968924818946,98.31382437438866,98.57547231629387,98.45150475135274,98.45565223074848,99.42172652588584,96.08173120619074,99.39248084077238,99.40758234957264,99.40772325695372,99.42221954087444,97.80259027513415,1.0,9.19344348586261,14.29344348586261
2000,5.8-13.8,3000,1,30,300,42,0.45757448417292323,99.54242551582708,98.05782540037107,98.39511303967654,98.39511303967654,97.90442101364233,98.4145513472417,98.66056924163522,98.54400711973267,98.54790684139893,99.45627081394457,96.53587963479653,99.42877217657973,99.44297156744882,99.44310405745408,99.45673437772618,97.9338568089054,1.0,9.205782540037108,14.305782540037107
2000,5.8-13.8,2500,1,20,300,42,0.559803930807746,99.44019606919225,97.9344348586261,98.29315110921387,98.29315110921387,97.62968924818946,98.31382437438866,98.57547231629387,98.45150475135274,98.45565223074848,99.42172652588584,96.08173120619074,99.39248084077238,99.40758234957264,99.40772325695372,99.42221954087444,97.80259027513415,1.0,9.19344348586261,14.29344348586261
2000,5.8-13.8,2500,1,25,300,42,0.45757448417292323,99.54242551582708,98.05782540037107,98.39511303967654,98.39511303967654,97.90442101364233,98.4145513472417,98.66056924163522,98.54400711973267,98.54790684139893,99.45627081394457,96.53587963479653,99.42877217657973,99.44297156744882,99.44310405745408,99.45673437772618,97.9338568089054,1.0,9.205782540037108,14.305782540037107
2000,5.8-13.8,2500,1,30,300,42,0.32799579153706304,99.67200420846294,98.21626199215048,98.52603474992517,98.52603474992517,98.23237706630724,98.543887340531,98.7698358566555,98.6627825118363,98.66636410628074,99.50062655781338,97.07801106879354,99.47537117416191,99.48841222267853,99.48853390455928,99.50105230549663,98.10240637462817,1.0,9.221626199215049,14.321626199215048
2000,5.8-13.8,900,1,20,300,42,0.12691960631403276,99.87308039368597,98.46685255863626,98.73310652020264,98.73310652020264,98.69414384613323,98.7484510682745,98.94265693699053,98.85064310930017,98.8537215391673,99.57078163283832,97.84133982728147,99.54907428195185,99.56028324317708,99.56038783043334,99.5711475688493,98.36899208365558,1.0,9.246685255863625,14.346685255863626
2000,5.8-13.8,900,1,25,300,42,-0.08798308240315578,100.08798308240316,98.74146325947851,98.9600269695954,98.96002696959543,99.12004737375419,98.97262306896205,99.13204362722657,99.05651091611216,99.05903795101197,99.64766135975864,98.54538443416519,99.62984213514075,99.63904339598784,99.6391292500297,99.6479617509031,98.66113112710482,1.0,9.274146325947854,14.374146325947851
2000,5.8-13.8,900,1,30,300,42,-0.35557023247380926,100.35557023247381,99.09407037905444,99.25139859418196,99.25139859418195,99.54405084549634,99.26046561555464,99.37522095107202,99.32085041253652,99.3226694422837,99.74637688315237,99.24628813235114,99.73355011148661,99.74017343401906,99.74023523413749,99.74659311302223,99.03624508410047,1.0,9.309407037905444,14.409407037905444
2000,5.8-13.8,800,1,20,300,42,0.08770490977850898,99.91229509022149,98.5164241493515,98.77406926348873,98.77406926348873,98.77722371965142,98.78891767293999,98.97684424093207,98.8878055164075,98.89078441073009,99.58465964394823,97.97867594472991,99.56365416157396,99.57450070101041,99.57460190662408,99.58501374807035,98.42172781845903,1.0,9.25164241493515,14.35164241493515
2000,5.8-13.8,800,1,25,300,42,-0.1369814991271454,100.13698149912715,98.80511444190255,99.01262417311203,99.01262417311203,99.20680472391675,99.02458321787962,99.17594099441555,99.10422839138327,99.10662762011405,99.66548107875686,98.68879964565829,99.6485630711478,99.65729897320651,99.65738048513334,99.66576627745526,98.72884515096015,1.0,9.280511444190255,14.380511444190255
2000,5.8-13.8,800,1,30,300,42,-0.4162526635910382,100.41625266359104,99.1758001150891,99.31893474034399,99.318934740344,99.62260808317382,99.32718376741968,99.43158628626834,99.3821208636048,99.38377578698251,99.76925785526431,99.37614805585876,99.75758826914385,99.76361405916415,99.76367028389652,99.76945457764731,99.12319161179691,1.0,9.31758001150891,14.41758001150891
2000,5.8-13.8,700,1,20,300,42,0.04667978269287687,99.95332021730712,98.56853732987182,98.81713221153367,98.81713221153369,98.86161923557194,98.83145904479332,99.01278436542884,98.92687328087118,98.92974753635275,99.5992491959033,98.11818689961896,99.57898156760936,99.58944710349452,99.58954475408511,99.5995908615026,98.47716737220405,1.0,9.256853732987182,14.356853732987181
2000,5.8-13.8,700,1,25,300,42,-0.1881621269414353,100.18816212694144,98.87202909023507,99.06791809291926,99.06791809291929,99.29315645929115,99.07920742060006,99.22208902774832,99.15439239392782,99.15665726372715,99.68421443428525,98.83154435107315,99.66824385006915,99.67649053388416,99.67656748107099,99.68448366160422,98.80003094705859,1.0,9.287202909023508,14.387202909023507
2000,5.8-13.8,700,1,30,300,42,-0.47950228555011165,100.47950228555011,99.2617202242968,99.38993353876475,99.38993353876474,99.69719054043756,99.39732263207901,99.49084153399778,99.44653271787479,99.44801512096956,99.79331195990255,99.49943742398858,99.78285888949904,99.78825651086015,99.78830687435033,99.79348817462846,99.21459598329446,1.0,9.32617202242968,14.426172022429679
2000,5.8-13.8,600,1,20,300,42,0.0037724522504589686,99.99622754774954,98.62332241029306,98.86240304413808,98.8624030441381,98.94708822999925,98.8761815594229,99.05056717951246,98.96794409245189,98.97070834414434,99.61458677018271,98.25947238020291,99.59509482655679,99.60515982442088,99.60525373771844,99.61491535952254,98.53544937265218,1.0,9.262332241029306,14.362332241029305
2000,5.8-13.8,600,1,25,300,42,-0.24160214469682728,100.24160214469683,98.94237452595121,99.1260469926179,99.12604699261793,99.37857130924614,99.13663226608261,99.27060312134566,99.20712835988142,99.2092519820196,99.70390826949034,98.97274032752935,99.68893368410329,99.69666606691894,99.6967382153265,99.70416070655978,98.87486651696938,1.0,9.294237452595121,14.39423745259512
2000,5.8-13.8,600,1,30,300,42,-0.5453935013367897,100.54539350133679,99.3520455517043,99.46457252342192,99.46457252342195,99.76675279607433,99.471057593228,99.55313486324434,99.5142470385328,99.51554807604059,99.81859934485801,99.61442809146982,99.80942516226597,99.81416240807201,99.81420660980768,99.81875400047673,99.31068675713223,1.0,9.33520455517043,14.43520455517043
2000,5.8-13.8,550,1,20,300,42,-0.01840987319705789,100.01840987319706,98.65175945249743,98.88590156905582,98.88590156905583,98.99013745892775,98.89939547142647,99.07017893275685,98.98926253158365,98.99196968411022,99.622547975017,98.33063539128865,99.60345866249924,99.61331575491678,99.61340772831467,99.62286977692234,98.56570154521002,1.0,9.265175945249743,14.365175945249742
2000,5.8-13.8,550,1,25,300,42,-0.2691936368261594,100.26919363682616,98.97888841091702,99.15621969586692,99.15621969586694,99.42073951257802,99.16643951911594,99.29578511097726,99.23450177757071,99.23655208292863,99.71413065884506,99.04244694936375,99.69967306203444,99.70713848897242,99.70720814649953,99.7143743806761,98.91371107544364,1.0,9.297888841091703,14.397888841091703
2000,5.8-13.8,550,1,30,300,42,-0.5793523751382708,100.57935237513827,99.39893030806243,99.50331504128386,99.50331504128384,99.79928623635226,99.50933086372443,99.58546917797409,99.54939520258746,99.55060209948593,99.83172515260873,99.66820786009248,99.82321479648894,99.82760926416296,99.82765026754477,99.83186861763983,99.36056415751322,1.0,9.339893030806243,14.439893030806243
2000,5.8-13.8,450,1,20,300,42,-0.01840987319705789,100.01840987319706,98.65175945249743,98.88590156905582,98.88590156905583,98.99013745892775,98.89939547142647,99.07017893275685,98.98926253158365,98.99196968411022,99.622547975017,98.33063539128865,99.60345866249924,99.61331575491678,99.61340772831467,99.62286977692234,98.56570154521002,1.0,9.265175945249743,14.365175945249742
2000,5.8-13.8,450,1,25,300,42,-0.2691936368261594,100.26919363682616,98.97888841091702,99.15621969586692,99.15621969586694,99.42073951257802,99.16643951911594,99.29578511097726,99.23450177757071,99.23655208292863,99.71413065884506,99.04244694936375,99.69967306203444,99.70713848897242,99.70720814649953,99.7143743806761,98.91371107544364,1.0,9.297888841091703,14.397888841091703
2000,5.8-13.8,450,1,30,300,42,-0.5793523751382708,100.57935237513827,99.39893030806243,99.50331504128386,99.50331504128384,99.79928623635226,99.50933086372443,99.58546917797409,99.54939520258746,99.55060209948593,99.83172515260873,99.66820786009248,99.82321479648894,99.82760926416296,99.82765026754477,99.83186861763983,99.36056415751322,1.0,9.339893030806243,14.439893030806243
2000,5.8-13.8,400,1,20,300,42,0.0037724522504589686,99.99622754774954,98.62332241029306,98.86240304413808,98.8624030441381,98.94708822999925,98.8761815594229,99.05056717951246,98.96794409245189,98.97070834414434,99.61458677018271,98.25947238020291,99.59509482655679,99.60515982442088,99.60525373771844,99.61491535952254,98.53544937265218,1.0,9.262332241029306,14.362332241029305
2000,5.8-13.8,400,1,25,300,42,-0.24160214469682728,100.24160214469683,98.94237452595121,99.1260469926179,99.12604699261793,99.37857130924614,99.13663226608261,99.27060312134566,99.20712835988142,99.2092519820196,99.70390826949034,98.97274032752935,99.68893368410329,99.69666606691894,99.6967382153265,99.70416070655978,98.87486651696938,1.0,9.294237452595121,14.39423745259512
2000,5.8-13.8,400,1,30,300,42,-0.5453935013367897,100.54539350133679,99.3520455517043,99.46457252342192,99.46457252342195,99.76675279607433,99.471057593228,99.55313486324434,99.5142470385328,99.51554807604059,99.81859934485801,99.61442809146982,99.80942516226597,99.81416240807201,99.81420660980768,99.81875400047673,99.31068675713223,1.0,9.33520455517043,14.43520455517043
2000,5.8-13.8,300,1,20,300,42,0.04667978269287687,99.95332021730712,98.56853732987182,98.81713221153367,98.81713221153369,98.86161923557194,98.83145904479332,99.01278436542884,98.92687328087118,98.92974753635275,99.5992491959033,98.11818689961896,99.57898156760936,99.58944710349452,99.58954475408511,99.5995908615026,98.47716737220405,1.0,9.256853732987182,14.356853732987181
2000,5.8-13.8,300,1,25,300,42,-0.1881621269414353,100.18816212694144,98.87202909023507,99.06791809291926,99.06791809291929,99.29315645929115,99.07920742060006,99.22208902774832,99.15439239392782,99.15665726372715,99.68421443428525,98.83154435107315,99.66824385006915,99.67649053388416,99.67656748107099,99.68448366160422,98.80003094705859,1.0,9.287202909023508,14.387202909023507
2000,5.8-13.8,300,1,30,300,42,-0.47950228555011165,100.47950228555011,99.2617202242968,99.38993353876475,99.38993353876474,99.69719054043756,99.39732263207901,99.49084153399778,99.44653271787479,99.44801512096956,99.79331195990255,99.49943742398858,99.78285888949904,99.78825651086015,99.78830687435033,99.79348817462846,99.21459598329446,1.0,9.32617202242968,14.426172022429679
2000,5.8-13.8,250,1,20,300,42,0.06742309985253314,99.93257690014747,98.54215504919628,98.79533160810294,98.79533160810296,98.81927116634228,98.80992248913982,98.99458968910088,98.90709523782803,98.9100224666888,99.59186323997493,98.04818294844341,99.57122207329303,99.58188049210199,99.58197994242188,99.59221120257239,98.44910111616625,1.0,9.254215504919628,14.354215504919628
2000,5.8-13.8,250,1,25,300,42,-0.16229422410469851,100.1622942241047,98.83815357129748,99.03992556401505,99.03992556401505,99.25006270895067,99.05155393575305,99.19872660089482,99.12899688396806,99.1313297729327,99.67473067914672,98.76030774336743,99.65828046214632,99.66677481253797,99.66685407062293,99.67500799197133,98.76399316095477,1.0,9.283815357129749,14.383815357129748
2000,5.8-13.8,250,1,30,300,42,-0.4475518819675983,100.4475518819676,99.21822319697742,99.35399042017437,99.35399042017438,99.66045835014211,99.36181485467544,99.46084358412236,99.4139242376167,99.41549397904855,99.7811345772591,99.4387168645207,99.77006564616984,99.7757812777102,99.77583460845231,99.7813211739797,99.16832254997598,1.0,9.321822319697743,14.421822319697743
2000,5.8-13.8,90,1,20,300,42,0.13074421854780383,99.8692557814522,98.46203036138246,98.72912176955549,98.7291217695555,98.68591632816145,98.74451458072036,98.93933128371204,98.84702804561324,98.85011615804295,99.56943161549778,97.82773923634844,99.54765598864189,99.55890020532956,99.55900512154335,99.56979870248459,98.36386208657707,1.0,9.246203036138246,14.346203036138245
2000,5.8-13.8,90,1,25,300,42,-0.08320030801097289,100.08320030801097,98.73527143564034,98.95491044848531,98.95491044848532,99.11136758805154,98.96756851889008,99.12777340388989,99.0518690824552,99.05440855001147,99.64592790318042,98.53103621698311,99.62802101048246,99.63726754023939,99.63735381667107,99.64622977220708,98.65454408046845,1.0,9.273527143564035,14.373527143564035
2000,5.8-13.8,90,1,30,300,42,-0.3496402708809825,100.34964027088098,99.08611991987057,99.24482885103157,99.2448288510316,99.53601288841256,99.2539754447923,99.3697378757728,99.31489018014094,99.316725173735,99.74415108084725,99.23300089717182,99.73121174113841,99.7378931901017,99.73795553257938,99.74436920835541,99.02778714879847,1.0,9.308611991987057,14.408611991987057
2000,5.8-13.8,80,1,20,300,42,0.1345514989247647,99.86544850107524,98.45723221493778,98.7251568929351,98.72515689293512,98.67770420076344,98.74059772647982,98.93602221719847,98.84343101213167,98.84652875883198,99.56808833139684,97.8141640869763,99.54624476909935,99.55752406541211,99.55762930894274,99.56845656361895,98.35875767546572,1.0,9.245723221493778,14.345723221493778
2000,5.8-13.8,80,1,25,300,42,-0.07843851329914742,100.07843851329915,98.72911049365241,98.94981944613072,98.9498194461307,99.10268881258642,98.96253917849177,99.12352447838097,99.04725040004018,99.0498022382448,99.644203092253,98.51668966978578,99.6262089687213,99.63550054160847,99.63558723832328,99.64450643179089,98.64798988686427,1.0,9.272911049365241,14.372911049365241
2000,5.8-13.8,80,1,30,300,42,-0.34373514583506903,100.34373514583507,99.07820911376731,99.23829187461185,99.23829187461185,99.52794531225464,99.24751764389168,99.36428214742574,99.30895967452847,99.3108105523494,99.74193637977744,99.21966469984952,99.72888503346097,99.73562431894834,99.73568720108024,99.74215639545939,99.01937139762481,1.0,9.307820911376732,14.407820911376731
2000,5.8-13.8,70,1,20,300,42,0.13834151653999527,99.86165848346,98.45245799934835,98.72121179121937,98.72121179121936,98.66950764234393,98.7367004076313,98.932729654723,98.83985191892945,98.84295925184924,99.5667517469533,97.80061467407882,99.54484058804364,99.55615478902114,99.55626035823609,99.56712111869885,98.35367872271101,1.0,9.245245799934835,14.345245799934835
2000,5.8-13.8,70,1,25,300,42,-0.0736976222328849,100.07369762223288,98.72298027949084,98.9447538352563,98.94475383525626,99.09401146301705,98.95753492203333,99.11929674447644,99.04265475339984,99.04521890055389,99.64248688385595,98.5023454796813,99.62440596455613,99.63374235591996,99.63382947082175,99.64279168657087,98.64146838243705,1.0,9.272298027949084,14.372298027949084
2000,5.8-13.8,70,1,30,300,42,-0.33785478061972185,100.33785478061972,99.0703377629741,99.23178750149803,99.23178750149803,99.51984895836,99.24109205140743,99.35885362963731,99.30305874743613,99.30492543026101,99.73973272457526,99.20628093116653,99.7265699302865,99.73336676383704,99.73343018293164,99.73995461901373,99.01099762018522,1.0,9.307033776297411,14.40703377629741
2000,5.8-13.8,60,1,20,300,42,0.1421143403166809,99.85788565968332,98.44770759525849,98.71728636578051,98.71728636578052,98.66132682787878,98.73282252674163,98.92945351397137,98.83629067652902,98.83940754785681,99.56542182875248,97.78709128690173,99.54344341037014,99.55479234192464,99.55489823519957,99.56579233433804,98.34862510133881,1.0,9.24477075952585,14.344770759525849
2000,5.8-13.8,60,1,25,300,42,-0.0689775588720778,100.06897755887208,98.71688063989993,98.9397134892215,98.9397134892215,99.08533594874244,98.9525556244081,99.1150900964827,99.03808202764273,99.04065842235508,99.64077923508401,98.48800432343137,99.62261195291174,99.63199293921917,99.6320804702222,99.6410854936783,98.63497940414887,1.0,9.271688063989993,14.371688063989993
2000,5.8-13.8,60,1,30,300,42,-0.3319990984319219,100.33199909843192,99.06250567070674,99.22531556908046,99.22531556908044,99.51172465696834,99.23469850669939,99.35345218669431,99.29718725134045,99.29906966034149,99.7375400601493,99.19285096355996,99.7242663737373,99.73112046832887,99.73118442170804,99.73776382397392,99.00266560713484,1.0,9.306250567070675,14.406250567070675
2000,5.8-13.8,55,1,20,300,42,0.14399432600680484,99.8560056739932,98.44534128539013,98.71533100097834,98.71533100097832,98.65724237838201,98.73089084521644,98.92782157613112,98.83451672153987,98.83763834421693,99.56475935909661,97.78033944181526,99.54274743687947,99.55411366871104,99.55421972340937,99.56513042947977,98.34610775041504,1.0,9.244534128539014,14.344534128539014
2000,5.8-13.8,55,1,25,300,42,-0.06662531387634374,100.06662531387634,98.71384223788519,98.93720275111659,98.9372027511166,99.08099900608434,98.95007529623281,99.11299464681737,99.03580422434857,99.03838671991416,99.63992860720803,98.48083509169042,99.62171830526034,99.63112150556327,99.63120924383804,99.64023559101683,98.63174706157999,1.0,9.27138422378852,14.37138422378852
2000,5.8-13.8,55,1,30,300,42,-0.3290804894500212,100.32908048945002,99.05860428529373,99.22209171753913,99.22209171753912,99.50765228240704,99.2315137022806,99.35076157606464,99.29426249401655,99.2961527366682,99.73644783233644,99.18611907908102,99.72311890743933,99.73000152536574,99.73006574488709,99.73667252735488,98.99851519712098,1.0,9.305860428529373,14.405860428529373
2000,5.8-13.8,45,1,20,300,42,0.147741487878136,99.85225851212186,98.44062637605924,98.7114349061032,98.71143490610318,98.64908550053215,98.7270419396402,98.92456991452362,98.83098208854744,98.83411317836205,99.56343937797166,97.76685562332862,99.54136069884095,99.55276140174456,99.5528677780815,99.56381157372286,98.34109188942473,1.0,9.244062637605925,14.344062637605925
2000,5.8-13.8,45,1,25,300,42,-0.06193634989872976,100.06193634989873,98.70778817446694,98.93220006627108,98.93220006627106,99.07232699886252,98.94513320364649,99.10881943066686,99.03126566574764,99.03386031735846,99.63823371789411,98.46649973281347,99.61993769837262,99.62938516040818,99.6294733116751,99.63854214670403,98.62530656858186,1.0,9.270778817446695,14.370778817446695
2000,5.8-13.8,45,1,30,300,42,-0.32326168762118357,100.32326168762118,99.05083071399045,99.21566814304579,99.21566814304579,99.49948759249784,99.22516792978811,99.34540049240721,99.28843486941784,99.29034072074052,99.73427155137888,99.1726223467822,99.72083256293837,99.72777201405444,99.72783676386824,99.73449810181552,98.99024544041536,1.0,9.305083071399045,14.405083071399044
2000,5.8-13.8,40,1,20,300,42,0.14960868118170367,99.8503913188183,98.4382777471285,98.7094941516796,98.70949415167964,98.64501311382553,98.72512469153347,98.92295017043344,98.82922138845271,98.83235719411476,99.56278185825276,97.76012371877282,99.54066992562603,99.55208779954,99.55219433609419,99.56315461458139,98.33859334800904,1.0,9.24382777471285,14.34382777471285
2000,5.8-13.8,40,1,25,300,42,-0.05959961199343411,100.05959961199343,98.70477247522551,98.92970808826367,98.92970808826367,99.06799203281474,98.94267140834735,99.10673963808657,99.02900488207484,99.03160558895365,99.63738944586302,98.45933376853051,99.61905072800751,99.62852023805681,99.62860859504674,99.63769859446867,98.62209837789948,1.0,9.270477247522551,14.370477247522551
2000,5.8-13.8,40,1,30,300,42,-0.32036147552481964,100.32036147552482,99.04695847951535,99.21246837994643,99.21246837994642,99.49539547790684,99.22200692205334,99.34272998587265,99.28553196572031,99.287445592161,99.73318748463234,99.16585783082562,99.7196936704457,99.72666143177179,99.72672644573917,99.733414959305,98.98612604203761,1.0,9.304695847951535,14.404695847951535
2000,5.8-13.8,30,1,20,300,42,0.15333033524863993,99.84666966475136,98.43359806734165,98.70562716821178,98.70562716821179,98.63688054742454,98.7213045447687,98.9197228050632,98.82571316604424,98.82885836810591,99.56147173995446,97.74668008859973,99.53929354921813,99.55074563663815,99.55085249242771,99.56184561324241,98.33361496525708,1.0,9.243359806734166,14.343359806734165
2000,5.8-13.8,30,1,25,300,42,-0.0549415770895223,100.05494157708952,98.69876364743723,98.92474278320505,98.92474278320506,99.05932441931618,98.9377662428059,99.10259561892222,99.02450023533495,99.0271130074297,99.6357072206691,98.44500567274721,99.61728342571683,99.62679686677751,99.62688563367377,99.63601780347895,98.61570600791194,1.0,9.269876364743723,14.369876364743723
2000,5.8-13.8,30,1,30,300,42,-0.31457938081220505,100.3145793808122,99.03924299191073,99.20609280204958,99.20609280204958,99.48719220633741,99.21570856482508,99.33740895993843,99.27974788481313,99.28167700329773,99.7310274647268,99.15229732068015,99.7174244093855,99.7244485792468,99.72451411954428,99.73125678095404,98.97791807650077,1.0,9.303924299191072,14.403924299191072
2000,5.8-13.8,25,1,20,300,42,0.15518481306868637,99.84481518693131,98.43126698723752,98.70370091499886,98.70370091499888,98.63282040814954,98.71940162223471,98.91811516361209,98.82396562180409,98.82711550447665,99.56081913318681,97.73996842979817,99.5386079374228,99.55007706755237,99.55018408236201,99.56119356286364,98.33113509280588,1.0,9.243126698723753,14.343126698723752
2000,5.8-13.8,25,1,25,300,42,-0.052620261206286045,100.05262026120629,98.69577048133522,98.9222694251207,98.92226942512073,99.05499186813523,98.9353228419063,99.10053136643808,99.02225634411384,99.02487512623193,99.63486925699239,98.43784370038682,99.61640308274565,99.62593840707852,99.62602737816063,99.63518055421964,98.61252178865449,1.0,9.269577048133522,14.369577048133522
2000,5.8-13.8,25,1,30,300,42,-0.3116974789210758,100.31169747892108,99.03539969055934,99.2029169474047,99.2029169474047,99.4830812461261,99.21257117596681,99.33475840728231,99.27686667145292,99.27880350696026,99.72995149806759,99.14550165175949,99.7162940266351,99.7233462951741,99.72341209765143,99.730181731625,98.97382945804186,1.0,9.303539969055935,14.403539969055934
2000,5.8-13.8,500,1,60,300,42,0.9288878002129337,99.07111219978707,97.5,97.93416235513779,97.93416235513779,96.52777777777779,97.95918367346938,98.27586206896552,98.12582133379574,98.13084112149532,99.30010259355764,94.26020408163265,99.26470588235294,99.28298357848774,99.2831541218638,99.3006993006993,97.34042553191489,1.0,9.15,14.25
2000,5.8-13.8,500,1,59,300,42,-0.2851005288014221,100.28510052880142,99.0,99.17366494205511,99.17366494205514,99.44444444444444,99.18367346938776,99.3103448275862,99.2503285335183,99.25233644859813,99.72004103742304,99.0816326530612,99.70588235294117,99.7131934313951,99.71326164874552,99.72027972027972,98.93617021276596,1.0,9.3,14.4
2000,5.8-13.8,500,1,58,300,42,-1.0000000000000284,101.00000000000003,100.0,100.0,100.0,100.0,100.0,100.0,100.0,100.0,100.0,100.0,100.0,100.0,100.0,100.0,100.0,1.0,9.4,14.5
2000,5.8-13.8,500,1,57,300,42,-0.2851005288014221,100.28510052880142,99.0,99.17366494205511,99.17366494205514,99.44444444444444,99.18367346938776,99.3103448275862,99.2503285335183,99.25233644859813,99.72004103742304,99.0816326530612,99.70588235294117,99.7131934313951,99.71326164874552,99.72027972027972,98.93617021276596,1.0,9.3,14.4
2000,5.8-13.8,500,1,45,300,42,-0.297379038278649,100.29737903827865,99.01632664928158,99.18715622473526,99.18715622473526,99.46243707727021,99.19700134635231,99.32160458571144,99.26256815662795,99.26454328918248,99.72461182921826,99.111375576712,99.71068430861223,99.71787602165236,99.71794312524203,99.72484661518367,98.95353898859743,1.0,9.301632664928158,14.401632664928158
2000,5.8-13.8,500,1,24,300,42,-0.24160214469682728,100.24160214469683,98.94237452595121,99.1260469926179,99.12604699261793,99.37857130924614,99.13663226608261,99.27060312134566,99.20712835988142,99.2092519820196,99.70390826949034,98.97274032752935,99.68893368410329,99.69666606691894,99.6967382153265,99.70416070655978,98.87486651696938,1.0,9.294237452595121,14.39423745259512
2000,5.8-13.8,500,1,34,300,42,-0.9168785703659523,100.91687857036595,99.8780735612518,99.89924790917199,99.89924790917196,99.99174107974122,99.90046821326676,99.91591280086331,99.90859522786074,99.90884004579573,99.96586560069734,99.98634749916405,99.96413928272112,99.96503069648041,99.96503901397901,99.96589470244805,99.87029102260828,1.0,9.38780735612518,14.48780735612518
2000,5.8-13.8,500,1,31,300,42,-0.6853865648466666,100.68538656484667,99.54682688269494,99.62552716585266,99.62552716585267,99.88590784764001,99.63006276138363,99.68746681565169,99.66026904457983,99.66117897771585,99.87313012421151,99.81139868691511,99.86671378902793,99.87002697324175,99.8700578875111,99.87323828886572,99.51790093903718,1.0,9.354682688269495,14.454682688269495
2000,5.8-13.8,500,1,37,300,42,-0.8367688440155376,100.83676884401554,99.7620935450899,99.80340955579639,99.80340955579642,99.96855584372895,99.80579064905298,99.83592658282062,99.82164831906208,99.82212601502049,99.933395955693,99.94802088453152,99.93002751326173,99.93176686601828,99.93178309536627,99.93345273988528,99.74690802669139,1.0,9.37620935450899,14.47620935450899
2000,5.8-13.8,500,1,36,300,42,-0.9168785703659523,100.91687857036595,99.8780735612518,99.89924790917199,99.89924790917196,99.99174107974122,99.90046821326676,99.91591280086331,99.90859522786074,99.90884004579573,99.96586560069734,99.98634749916405,99.96413928272112,99.96503069648041,99.96503901397901,99.96589470244805,99.87029102260828,1.0,9.38780735612518,14.48780735612518
2000,5.8-13.8,500,1,40,300,42,-0.6139985108108732,100.61399851081087,99.44700195767851,99.54303833065487,99.54303833065487,99.83010731399366,99.54857302667634,99.61862203977829,99.58543314665133,99.58654351975963,99.84518324176459,99.71915698843851,99.83735351696427,99.84139652903653,99.84143425309777,99.84531523291706,99.41170421029629,1.0,9.344700195767851,14.444700195767851
2000,5.8-13.8,500,1,35,300,42,-1.0000000000000284,101.00000000000003,100.0,100.0,100.0,100.0,100.0,100.0,100.0,100.0,100.0,100.0,100.0,100.0,100.0,100.0,100.0,1.0,9.4,14.5
2000,5.8-13.8,999998,998,30,300,42,1.8326394343668397,98.16736056563316,96.5,97.1078272971929,97.10782729719286,93.19444444444444,97.14285714285714,97.58620689655173,97.37614986731404,97.38317757009347,99.02014363098068,88.74999999999991,98.97058823529412,98.99617700988283,98.99641577060932,99.02097902097901,96.27659574468086,1.0,9.05,14.15
2000,5.8-13.8,999998,998,45,300,42,1.1477437526405936,98.8522562473594,97.25,97.72757859065156,97.72757859065153,95.7986111111111,97.75510204081633,98.10344827586206,97.93840346717532,97.94392523364486,99.23011285291341,93.0548469387756,99.19117647058825,99.21128193633652,99.21146953405018,99.23076923076924,97.07446808510637,1.0,9.125,14.225
2000,5.8-13.8,999998,998,40,300,42,1.371321009142136,98.62867899085786,97.0,97.52099482616534,97.52099482616535,94.99999999999997,97.55102040816325,97.93103448275862,97.75098560055488,97.75700934579439,99.16012311226915,91.73469387755118,99.11764705882354,99.1395802941853,99.13978494623657,99.16083916083917,96.80851063829786,1.0,9.1,14.2
2000,5.8-13.8,999998,998,50,300,42,0.9288878002129337,99.07111219978707,97.5,97.93416235513779,97.93416235513779,96.52777777777779,97.95918367346938,98.27586206896552,98.12582133379574,98.13084112149532,99.30010259355764,94.26020408163265,99.26470588235294,99.28298357848774,99.2831541218638,99.3006993006993,97.34042553191489,1.0,9.15,14.25
2000,5.8-13.8,999998,998,47,300,42,1.0596348151806723,98.94036518481933,97.35,97.81021209644605,97.81021209644604,96.0986111111111,97.83673469387755,98.17241379310344,98.01337061382347,98.01869158878505,99.2581087491711,93.55076530612241,99.22058823529412,99.23996259319699,99.24014336917563,99.25874125874125,97.18085106382978,1.0,9.135,14.235
2000,5.8-13.8,999998,998,53,300,42,0.799840454711827,99.20015954528817,97.65,98.05811261382952,98.05811261382952,96.93194444444447,98.08163265306123,98.37931034482759,98.238272053768,98.24299065420561,99.34209643794419,94.92831632653063,99.30882352941177,99.32600456377847,99.32616487455198,99.34265734265735,97.5,1.0,9.165000000000001,14.265
2000,5.8-13.8,999998,998,52,300,42,0.8426673843825654,99.15733261561743,97.6,98.01679586093228,98.01679586093226,96.79999999999998,98.0408163265306,98.34482758620689,98.20078848044392,98.2056074766355,99.32809848981532,94.71020408163258,99.29411764705881,99.31166423534823,99.31182795698925,99.32867132867132,97.44680851063829,1.0,9.16,14.26
2000,5.8-13.8,999998,998,56,300,42,0.6724927786772952,99.3275072213227,97.8,98.18206287252124,98.18206287252126,97.31111111111109,98.20408163265306,98.48275862068965,98.35072277374024,98.35514018691588,99.38409028233072,95.55510204081637,99.3529411764706,99.3690255490692,99.36917562724015,99.38461538461539,97.6595744680851,1.0,9.18,14.28
2000,5.8-13.8,999998,998,55,300,42,0.7147531518591848,99.28524684814082,97.75,98.14074611962401,98.140746119624,97.1875,98.16326530612245,98.44827586206897,98.31323920041618,98.3177570093458,99.37009233420186,95.3507653061224,99.33823529411764,99.35468522063896,99.35483870967742,99.37062937062937,97.6063829787234,1.0,9.175,14.275
2000,5.8-13.8,999998,998,57,300,42,0.6304212576583694,99.36957874234163,97.85,98.2233796254185,98.22337962541849,97.43194444444445,98.24489795918367,98.51724137931035,98.38820634706434,98.39252336448598,99.39808823045955,95.75484693877537,99.36764705882352,99.38336587749944,99.38351254480285,99.39860139860139,97.7127659574468,1.0,9.185,14.285
2000,5.8-13.8,999998,998,58,300,42,0.5885385888023791,99.41146141119762,97.89999999999999,98.26469637831573,98.26469637831573,97.54999999999998,98.28571428571428,98.55172413793103,98.42568992038842,98.42990654205607,99.41208617858838,95.94999999999997,99.38235294117646,99.3977062059297,99.39784946236558,99.41258741258741,97.7659574468085,1.0,9.19,14.29
2000,5.8-13.8,999998,998,59,300,42,0.5468447721093384,99.45315522789066,97.95,98.30601313121298,98.30601313121299,97.66527777777777,98.3265306122449,98.58620689655173,98.4631734937125,98.46728971962617,99.42608412671724,96.14056122448986,99.39705882352942,99.41204653435994,99.41218637992831,99.42657342657343,97.81914893617021,1.0,9.195,14.295
2000,5.8-13.8,999998,998,60,300,42,0.5053398075792899,99.49466019242071,98.00000000000001,98.34732988411024,98.34732988411025,97.7777777777778,98.36734693877551,98.62068965517241,98.5006570670366,98.50467289719627,99.4400820748461,96.32653061224478,99.41176470588235,99.42638686279018,99.42652329749103,99.44055944055943,97.87234042553192,1.0,9.200000000000001,14.3
2000,5.8-13.8,999997,997,30,300,42,0.100677031241176,99.89932296875882,98.5,98.76049741308266,98.76049741308267,98.75,98.77551020408163,98.9655172413793,98.87549280027744,98.8785046728972,99.58006155613458,97.9336734693878,99.55882352941177,99.56979014709265,99.56989247311829,99.58041958041959,98.40425531914893,1.0,9.25,14.35
2000,5.8-13.8,999997,997,45,300,42,0.7147531518591848,99.28524684814082,97.75,98.14074611962401,98.140746119624,97.1875,98.16326530612245,98.44827586206897,98.31323920041618,98.3177570093458,99.37009233420186,95.3507653061224,99.33823529411764,99.35468522063896,99.35483870967742,99.37062937062937,97.6063829787234,1.0,9.175,14.275
2000,5.8-13.8,999997,997,24,300,42,-0.133055730739855,100.13305573073985,98.80000000000001,99.00839793046615,99.00839793046613,99.20000000000002,99.02040816326532,99.17241379310346,99.10039424022196,99.10280373831776,99.66404924490767,98.67755102040823,99.64705882352942,99.65583211767412,99.65591397849464,99.66433566433567,98.72340425531915,1.0,9.280000000000001,14.38
2000,5.8-13.8,999997,997,34,300,42,0.2602759158209551,99.73972408417904,98.3,98.5952304014937,98.59523040149371,98.39444444444445,98.61224489795919,98.82758620689656,98.7255585069811,98.72897196261682,99.52406976361918,97.34591836734688,99.5,99.51242883337164,99.51254480286738,99.52447552447552,98.19148936170212,1.0,9.23,14.33
2000,5.8-13.8,999997,997,21,300,42,-0.247372607530437,100.24737260753044,98.94999999999999,99.13234818915787,99.13234818915788,99.38749999999999,99.14285714285714,99.27586206896551,99.21284496019422,99.21495327102804,99.7060430892942,98.98750000000007,99.69117647058825,99.69885310296486,99.6989247311828,99.70629370629372,98.88297872340425,1.0,9.295,14.395
2000,5.8-13.8,999997,997,27,300,42,-0.01703918448264119,100.01703918448264,98.65,98.88444767177441,98.8844476717744,98.98750000000001,98.89795918367346,99.06896551724138,98.9879435202497,98.99065420560747,99.62205540052112,98.32627551020413,99.6029411764706,99.61281113238337,99.61290322580646,99.62237762237763,98.56382978723404,1.0,9.265,14.365
2000,5.8-13.8,999997,997,18,300,42,-0.35998981485447246,100.35998981485447,99.1,99.2562984478496,99.25629844784959,99.55000000000001,99.26530612244898,99.37931034482759,99.32529568016648,99.32710280373831,99.74803693368072,99.25612244897954,99.73529411764704,99.74187408825557,99.74193548387096,99.74825174825173,99.04255319148936,1.0,9.31,14.41
2000,5.8-13.8,999997,997,22,300,42,-0.20945583409653068,100.20945583409653,98.9,99.09103143626064,99.0910314362606,99.32777777777778,99.10204081632654,99.24137931034483,99.17536138687012,99.17757009345794,99.69204514116534,98.8887755102041,99.67647058823529,99.68451277453461,99.68458781362007,99.6923076923077,98.82978723404256,1.0,9.290000000000001,14.39
2000,5.8-13.8,999997,997,17,300,42,-0.3971511796365661,100.39715117963657,99.14999999999999,99.29761520074683,99.29761520074685,99.5986111111111,99.30612244897958,99.41379310344827,99.36277925349054,99.3644859813084,99.7620348818096,99.33647959183672,99.75,99.75621441668582,99.75627240143369,99.76223776223776,99.09574468085106,1.0,9.315,14.415
2000,5.8-13.8,999997,997,19,300,42,-0.3226395979094292,100.32263959790943,99.05,99.21498169495236,99.21498169495234,99.4986111111111,99.22448979591836,99.34482758620689,99.28781210684238,99.28971962616822,99.73403898555189,99.17117346938778,99.72058823529412,99.72753375982535,99.72759856630825,99.73426573426573,98.98936170212765,1.0,9.305,14.405
2000,5.8-13.8,999997,997,15,300,42,-0.47090735271190454,100.4709073527119,99.25,99.38024870654134,99.38024870654134,99.6875,99.38775510204083,99.48275862068967,99.43774640013872,99.4392523364486,99.7900307780673,99.4834183673469,99.77941176470587,99.78489507354631,99.78494623655914,99.79020979020979,99.20212765957447,1.0,9.325000000000001,14.425
2000,5.8-13.8,999997,997,16,300,42,-0.4341236922557101,100.43412369225571,99.2,99.33893195364409,99.33893195364408,99.64444444444445,99.3469387755102,99.44827586206897,99.40026282681464,99.4018691588785,99.77603282993844,99.41224489795921,99.76470588235294,99.77055474511607,99.77060931899642,99.77622377622379,99.14893617021276,1.0,9.32,14.42
2000,5.8-13.8,500,1,32,300,42,-0.7596231146697221,100.75962311466972,99.65176994106265,99.71224529406986,99.71224529406985,99.9326310144736,99.71573056413278,99.7598413386639,99.73894186104343,99.73964107743002,99.90250987396178,99.88863494229311,99.8975793944302,99.9001253317111,99.90014908704306,99.90259299050703,99.62954249049217,1.0,9.365176994106264,14.465176994106265
2000,5.8-13.8,500,1,33,300,42,-0.8367688440155376,100.83676884401554,99.7620935450899,99.80340955579639,99.80340955579642,99.96855584372895,99.80579064905298,99.83592658282062,99.82164831906208,99.82212601502049,99.933395955693,99.94802088453152,99.93002751326173,99.93176686601828,99.93178309536627,99.93345273988528,99.74690802669139,1.0,9.37620935450899,14.47620935450899
